<learning>
  <weekly2>
    <streaming>https://vod-stream.nhk.jp/gogaku-stream//%s/index.m3u8"</streaming>
    <url>https://www.nhk.or.jp/gogaku/basic0/</url>
    <img>https://www.nhk.or.jp/gogaku/static2022/img/program/lineup/2022a/</img>
    <course>
      <title>小学生の基礎英語</title>
      <language>english</language>
      <kouza>basic0</kouza>
      <pic>en-basic0.jpg</pic>
      <station>r2</station>
    </course>
  </weekly2>
  <weekly3>
    <streaming>https://nhks-vh.akamaihd.net/i/gogaku-stream/mp4/%s/master.m3u8</streaming>
    <url>https://www.nhk.or.jp/gogaku/homestudy%04d/%s/%s.html</url>
    <img>https://www.nhk.or.jp/gogaku/homestudy%04d/assets/images/program/%s/%s</img>
    <index>https://www.nhk.or.jp/gogaku/homestudy%04d/%s/json/index.json</index>
    <course>
      <title>小学生の基礎英語</title>
      <language>english</language>
      <kouza>basic0</kouza>
      <pic>photo1.jpg</pic>
      <station>r2</station>
    </course>
    <course>
      <title>中学生の基礎英語 レベル１</title>
      <language>english</language>
      <kouza>basic1</kouza>
      <pic>photo1.jpg</pic>
      <station>r2</station>
    </course>
    <course>
      <title>中学生の基礎英語 レベル２</title>
      <language>english</language>
      <kouza>basic2</kouza>
      <pic>photo1.jpg</pic>
      <station>r2</station>
    </course>
    <course>
      <title>中高生の基礎英語 in English</title>
      <language>english</language>
      <kouza>basic3</kouza>
      <pic>photo1.jpg</pic>
      <station>r2</station>
    </course>
    <course>
      <title>ラジオ英会話</title>
      <language>english</language>
      <kouza>kaiwa</kouza>
      <pic>photo1.jpg</pic>
      <station>r2</station>
    </course>
  </weekly3>
  <weekly4>
    <streaming>https://vod-stream.nhk.jp/gogaku-stream/%s/index.m3u8</streaming>
    <url>https://www.nhk.or.jp/gogaku/onayami/</url>
    <img>https://www.nhk.or.jp/gogaku/onayami/assets/images/%s/%s/thumbnail2023.jpg</img>
    <index>https://www.nhk.or.jp/gogaku/onayami/%s/%s-listen.json</index>
    <course>
      <title>まいにち中国語(2023)</title>
      <language>chinese</language>
      <kouza>04</kouza>
      <pic>photo1.jpg</pic>
      <station>r2</station>
    </course>
   </weekly4>
</learning>
